sample_id,check_id,check_name,severity,resource,resource_type,file_path,start_line,end_line,guideline,check_result,lines_of_code,num_attributes,num_nested_blocks,num_variables_used,num_resource_references,num_related_resources,uses_module,uses_for_each,uses_count,num_files_in_sample
sample_01,CKV_AWS_24,Ensure no security groups allow ingress from 0.0.0.0:0 to port 22,,aws_security_group.sample_01,aws_security_group,/main.tf,16,33,https://docs.prismacloud.io/en/enterprise-edition/policy-reference/aws-policies/aws-networking-policies/networking-1-port-security,FAILED,18,12,2,0,0,0,0,0,0,1
sample_02,CKV_AWS_287,Ensure IAM policies does not allow credentials exposure,,aws_iam_policy.sample_02,aws_iam_policy,/main.tf,15,27,https://docs.prismacloud.io/en/enterprise-edition/policy-reference/aws-policies/aws-iam-policies/bc-aws-287,FAILED,13,9,0,0,0,0,0,0,0,1
sample_02,CKV_AWS_289,Ensure IAM policies does not allow permissions management / resource exposure without constraints,,aws_iam_policy.sample_02,aws_iam_policy,/main.tf,15,27,https://docs.prismacloud.io/en/enterprise-edition/policy-reference/aws-policies/aws-iam-policies/bc-aws-289,FAILED,13,9,0,0,0,0,0,0,0,1
sample_02,CKV_AWS_286,Ensure IAM policies does not allow privilege escalation,,aws_iam_policy.sample_02,aws_iam_policy,/main.tf,15,27,https://docs.prismacloud.io/en/enterprise-edition/policy-reference/aws-policies/aws-iam-policies/bc-aws-286,FAILED,13,9,0,0,0,0,0,0,0,1
sample_02,CKV_AWS_355,"Ensure no IAM policies documents allow ""*"" as a statement's resource for restrictable actions",,aws_iam_policy.sample_02,aws_iam_policy,/main.tf,15,27,https://docs.prismacloud.io/en/enterprise-edition/policy-reference/aws-policies/aws-iam-policies/bc-aws-355,FAILED,13,9,0,0,0,0,0,0,0,1
sample_02,CKV2_AWS_40,Ensure AWS IAM policy does not allow full IAM privileges,,aws_iam_policy.sample_02,aws_iam_policy,/main.tf,15,27,https://docs.prismacloud.io/en/enterprise-edition/policy-reference/aws-policies/aws-iam-policies/bc-aws-2-40,FAILED,13,9,0,0,0,0,0,0,0,1
sample_03,CKV_AWS_189,Ensure EBS Volume is encrypted by KMS using a customer managed Key (CMK),,aws_ebs_volume.sample_03,aws_ebs_volume,/main.tf,15,21,https://docs.prismacloud.io/en/enterprise-edition/policy-reference/aws-policies/aws-general-policies/bc-aws-general-109,FAILED,7,5,0,0,0,0,0,0,0,1
sample_04,CKV_AWS_28,Ensure DynamoDB point in time recovery (backup) is enabled,,aws_dynamodb_table.sample_04,aws_dynamodb_table,/main.tf,29,36,https://docs.prismacloud.io/en/enterprise-edition/policy-reference/aws-policies/aws-general-policies/general-6,FAILED,8,3,0,0,1,1,0,0,0,1
sample_05,CKV_AWS_7,Ensure rotation for customer created CMKs is enabled,,aws_kms_key.sample_05,aws_kms_key,/main.tf,15,28,https://docs.prismacloud.io/en/enterprise-edition/policy-reference/aws-policies/aws-logging-policies/logging-8,FAILED,14,10,0,0,0,0,0,0,0,1
sample_06,CKV_AWS_338,Ensure CloudWatch log groups retains logs for at least 1 year,,aws_cloudwatch_log_group.sample_06,aws_cloudwatch_log_group,/main.tf,29,33,https://docs.prismacloud.io/en/enterprise-edition/policy-reference/aws-policies/aws-logging-policies/bc-aws-338,FAILED,5,3,0,0,1,1,0,0,0,1
sample_07,CKV_AWS_163,Ensure ECR image scanning on push is enabled,,aws_ecr_repository.sample_07,aws_ecr_repository,/main.tf,29,34,https://docs.prismacloud.io/en/enterprise-edition/policy-reference/aws-policies/aws-general-policies/general-8,FAILED,6,2,0,0,1,1,0,0,0,1
sample_08,CKV_AWS_51,Ensure ECR Image Tags are immutable,,aws_ecr_repository.sample_08,aws_ecr_repository,/main.tf,29,34,https://docs.prismacloud.io/en/enterprise-edition/policy-reference/aws-policies/aws-general-policies/bc-aws-general-24,FAILED,6,2,0,0,1,1,0,0,0,1
sample_09,CKV_AWS_126,Ensure that detailed monitoring is enabled for EC2 instances,,aws_instance.sample_09,aws_instance,/main.tf,28,39,https://docs.prismacloud.io/en/enterprise-edition/policy-reference/aws-policies/aws-logging-policies/ensure-that-detailed-monitoring-is-enabled-for-ec2-instances,FAILED,12,8,0,2,1,1,0,0,0,1
sample_10,CKV_AWS_136,Ensure that ECR repositories are encrypted using KMS,,aws_ecr_repository.sample_10,aws_ecr_repository,/main.tf,15,20,https://docs.prismacloud.io/en/enterprise-edition/policy-reference/aws-policies/aws-general-policies/ensure-that-ecr-repositories-are-encrypted,FAILED,6,2,0,0,0,0,0,0,0,1
sample_11,CKV_AWS_119,Ensure DynamoDB Tables are encrypted using a KMS Customer Managed CMK,,aws_dynamodb_table.sample_11,aws_dynamodb_table,/main.tf,15,22,https://docs.prismacloud.io/en/enterprise-edition/policy-reference/aws-policies/aws-general-policies/bc-aws-52,FAILED,8,3,0,0,0,0,0,0,0,1
sample_12,CKV_AWS_23,Ensure every security group and rule has a description,,aws_security_group.sample_12,aws_security_group,/main.tf,16,21,https://docs.prismacloud.io/en/enterprise-edition/policy-reference/aws-policies/aws-networking-policies/networking-31,FAILED,6,2,0,0,0,0,0,0,0,1
